county,year,month,value
Baringo County,2019,1,4832
Bomet County,2019,1,855
Bungoma County,2019,1,26851
Busia County,2019,1,71686
Elgeyo Marakwet County,2019,1,1334
Embu County,2019,1,670
Garissa County,2019,1,398
Homa Bay County,2019,1,24765
Isiolo County,2019,1,1324
Kajiado County,2019,1,1141
Kakamega County,2019,1,76440
Kericho County,2019,1,3434
Kiambu County,2019,1,1266
Kilifi County,2019,1,23590
Kirinyaga County,2019,1,63
Kisii County,2019,1,12645
Kisumu County,2019,1,63498
Kitui County,2019,1,2503
Kwale County,2019,1,34982
Laikipia County,2019,1,309
Lamu County,2019,1,110
Machakos County,2019,1,1210
Makueni County,2019,1,2224
Mandera County,2019,1,1177
Marsabit County,2019,1,274
Meru County,2019,1,2433
Migori County,2019,1,38490
Mombasa County,2019,1,10202
Muranga County,2019,1,98
Nairobi County,2019,1,9329
Nakuru County,2019,1,4473
Nandi County,2019,1,15335
Narok County,2019,1,3132
Nyamira County,2019,1,1765
Nyandarua County,2019,1,109
Nyeri County,2019,1,66
Samburu County,2019,1,919
Siaya County,2019,1,87321
Taita Taveta County,2019,1,440
Tana River County,2019,1,1144
Tharaka Nithi County,2019,1,1706
Trans Nzoia County,2019,1,7303
Turkana County,2019,1,9858
Uasin Gishu County,2019,1,5195
Vihiga County,2019,1,25808
Wajir County,2019,1,144
West Pokot County,2019,1,4378
Baringo County,2019,2,3487
Bomet County,2019,2,831
Bungoma County,2019,2,29240
Busia County,2019,2,44770
Elgeyo Marakwet County,2019,2,1626
Embu County,2019,2,607
Garissa County,2019,2,534
Homa Bay County,2019,2,15497
Isiolo County,2019,2,1145
Kajiado County,2019,2,746
Kakamega County,2019,2,64299
Kericho County,2019,2,4005
Kiambu County,2019,2,1069
Kilifi County,2019,2,11386
Kirinyaga County,2019,2,43
Kisii County,2019,2,8192
Kisumu County,2019,2,45495
Kitui County,2019,2,2334
Kwale County,2019,2,27429
Laikipia County,2019,2,350
Lamu County,2019,2,48
Machakos County,2019,2,1208
Makueni County,2019,2,1911
Mandera County,2019,2,1126
Marsabit County,2019,2,48
Meru County,2019,2,2714
Migori County,2019,2,51618
Mombasa County,2019,2,9832
Muranga County,2019,2,123
Nairobi County,2019,2,5814
Nakuru County,2019,2,4048
Nandi County,2019,2,15203
Narok County,2019,2,3485
Nyamira County,2019,2,1821
Nyandarua County,2019,2,168
Nyeri County,2019,2,36
Samburu County,2019,2,618
Siaya County,2019,2,68468
Taita Taveta County,2019,2,309
Tana River County,2019,2,864
Tharaka Nithi County,2019,2,1891
Trans Nzoia County,2019,2,5559
Turkana County,2019,2,5530
Uasin Gishu County,2019,2,3680
Vihiga County,2019,2,24014
Wajir County,2019,2,88
West Pokot County,2019,2,2085
Baringo County,2019,3,5297
Bomet County,2019,3,979
Bungoma County,2019,3,33792
Busia County,2019,3,67346
Elgeyo Marakwet County,2019,3,1982
Embu County,2019,3,631
Garissa County,2019,3,344
Homa Bay County,2019,3,21451
Isiolo County,2019,3,1242
Kajiado County,2019,3,708
Kakamega County,2019,3,91436
Kericho County,2019,3,4873
Kiambu County,2019,3,1282
Kilifi County,2019,3,8206
Kirinyaga County,2019,3,86
Kisii County,2019,3,13870
Kisumu County,2019,3,57288
Kitui County,2019,3,2679
Kwale County,2019,3,20237
Laikipia County,2019,3,412
Lamu County,2019,3,76
Machakos County,2019,3,1126
Makueni County,2019,3,1603
Mandera County,2019,3,1321
Marsabit County,2019,3,83
Meru County,2019,3,2550
Migori County,2019,3,52723
Mombasa County,2019,3,8558
Muranga County,2019,3,127
Nairobi County,2019,3,7719
Nakuru County,2019,3,4207
Nandi County,2019,3,14402
Narok County,2019,3,4242
Nyamira County,2019,3,2140
Nyandarua County,2019,3,141
Nyeri County,2019,3,54
Samburu County,2019,3,754
Siaya County,2019,3,84647
Taita Taveta County,2019,3,167
Tana River County,2019,3,857
Tharaka Nithi County,2019,3,1865
Trans Nzoia County,2019,3,6806
Turkana County,2019,3,7744
Uasin Gishu County,2019,3,3613
Vihiga County,2019,3,30063
Wajir County,2019,3,106
West Pokot County,2019,3,2862
Baringo County,2019,4,4175
Bomet County,2019,4,759
Bungoma County,2019,4,41459
Busia County,2019,4,73580
Elgeyo Marakwet County,2019,4,701
Embu County,2019,4,353
Garissa County,2019,4,183
Homa Bay County,2019,4,17539
Isiolo County,2019,4,874
Kajiado County,2019,4,737
Kakamega County,2019,4,112358
Kericho County,2019,4,3591
Kiambu County,2019,4,1589
Kilifi County,2019,4,4573
Kirinyaga County,2019,4,85
Kisii County,2019,4,11825
Kisumu County,2019,4,57068
Kitui County,2019,4,2177
Kwale County,2019,4,12568
Laikipia County,2019,4,262
Lamu County,2019,4,27
Machakos County,2019,4,885
Makueni County,2019,4,1402
Mandera County,2019,4,1005
Marsabit County,2019,4,81
Meru County,2019,4,1445
Migori County,2019,4,38614
Mombasa County,2019,4,8116
Muranga County,2019,4,100
Nairobi County,2019,4,6021
Nakuru County,2019,4,3999
Nandi County,2019,4,13930
Narok County,2019,4,3919
Nyamira County,2019,4,1233
Nyandarua County,2019,4,172
Nyeri County,2019,4,66
Samburu County,2019,4,543
Siaya County,2019,4,84724
Taita Taveta County,2019,4,164
Tana River County,2019,4,628
Tharaka Nithi County,2019,4,1201
Trans Nzoia County,2019,4,6753
Turkana County,2019,4,7834
Uasin Gishu County,2019,4,3682
Vihiga County,2019,4,33242
Wajir County,2019,4,54
West Pokot County,2019,4,2223
Baringo County,2019,5,3923
Bomet County,2019,5,782
Bungoma County,2019,5,69337
Busia County,2019,5,100212
Elgeyo Marakwet County,2019,5,1072
Embu County,2019,5,363
Garissa County,2019,5,384
Homa Bay County,2019,5,23776
Isiolo County,2019,5,937
Kajiado County,2019,5,930
Kakamega County,2019,5,156135
Kericho County,2019,5,4451
Kiambu County,2019,5,1404
Kilifi County,2019,5,6081
Kirinyaga County,2019,5,96
Kisii County,2019,5,17154
Kisumu County,2019,5,84759
Kitui County,2019,5,2641
Kwale County,2019,5,14109
Laikipia County,2019,5,215
Lamu County,2019,5,51
Machakos County,2019,5,1058
Makueni County,2019,5,1943
Mandera County,2019,5,1024
Marsabit County,2019,5,241
Meru County,2019,5,1566
Migori County,2019,5,47720
Mombasa County,2019,5,9871
Muranga County,2019,5,122
Nairobi County,2019,5,6449
Nakuru County,2019,5,5179
Nandi County,2019,5,19476
Narok County,2019,5,7480
Nyamira County,2019,5,1725
Nyandarua County,2019,5,282
Nyeri County,2019,5,114
Samburu County,2019,5,823
Siaya County,2019,5,116958
Taita Taveta County,2019,5,189
Tana River County,2019,5,641
Tharaka Nithi County,2019,5,1094
Trans Nzoia County,2019,5,9747
Turkana County,2019,5,9276
Uasin Gishu County,2019,5,6203
Vihiga County,2019,5,62056
Wajir County,2019,5,114
West Pokot County,2019,5,4964
Baringo County,2019,6,4182
Bomet County,2019,6,584
Bungoma County,2019,6,74303
Busia County,2019,6,107645
Elgeyo Marakwet County,2019,6,923
Embu County,2019,6,374
Garissa County,2019,6,363
Homa Bay County,2019,6,28249
Isiolo County,2019,6,953
Kajiado County,2019,6,908
Kakamega County,2019,6,164512
Kericho County,2019,6,3730
Kiambu County,2019,6,1170
Kilifi County,2019,6,9314
Kirinyaga County,2019,6,123
Kisii County,2019,6,18191
Kisumu County,2019,6,81015
Kitui County,2019,6,1617
Kwale County,2019,6,21870
Laikipia County,2019,6,346
Lamu County,2019,6,28
Machakos County,2019,6,5202
Makueni County,2019,6,1164
Mandera County,2019,6,1596
Marsabit County,2019,6,498
Meru County,2019,6,1303
Migori County,2019,6,50434
Mombasa County,2019,6,9509
Muranga County,2019,6,132
Nairobi County,2019,6,6324
Nakuru County,2019,6,4233
Nandi County,2019,6,14610
Narok County,2019,6,4410
Nyamira County,2019,6,2458
Nyandarua County,2019,6,129
Nyeri County,2019,6,74
Samburu County,2019,6,1009
Siaya County,2019,6,121561
Taita Taveta County,2019,6,230
Tana River County,2019,6,752
Tharaka Nithi County,2019,6,1406
Trans Nzoia County,2019,6,9999
Turkana County,2019,6,10525
Uasin Gishu County,2019,6,5655
Vihiga County,2019,6,61065
Wajir County,2019,6,47
West Pokot County,2019,6,7886
Baringo County,2019,7,5692
Bomet County,2019,7,702
Bungoma County,2019,7,110212
Busia County,2019,7,131546
Elgeyo Marakwet County,2019,7,1428
Embu County,2019,7,469
Garissa County,2019,7,467
Homa Bay County,2019,7,37499
Isiolo County,2019,7,927
Kajiado County,2019,7,1044
Kakamega County,2019,7,171858
Kericho County,2019,7,6130
Kiambu County,2019,7,1550
Kilifi County,2019,7,14260
Kirinyaga County,2019,7,135
Kisii County,2019,7,24207
Kisumu County,2019,7,109086
Kitui County,2019,7,2767
Kwale County,2019,7,26646
Laikipia County,2019,7,265
Lamu County,2019,7,32
Machakos County,2019,7,5014
Makueni County,2019,7,1920
Mandera County,2019,7,982
Marsabit County,2019,7,714
Meru County,2019,7,1465
Migori County,2019,7,66999
Mombasa County,2019,7,8037
Muranga County,2019,7,249
Nairobi County,2019,7,7649
Nakuru County,2019,7,5899
Nandi County,2019,7,19297
Narok County,2019,7,5022
Nyamira County,2019,7,2726
Nyandarua County,2019,7,196
Nyeri County,2019,7,49
Samburu County,2019,7,1041
Siaya County,2019,7,179458
Taita Taveta County,2019,7,387
Tana River County,2019,7,945
Tharaka Nithi County,2019,7,1124
Trans Nzoia County,2019,7,11744
Turkana County,2019,7,21527
Uasin Gishu County,2019,7,5123
Vihiga County,2019,7,73779
Wajir County,2019,7,141
West Pokot County,2019,7,21387
Baringo County,2019,8,5465
Bomet County,2019,8,665
Bungoma County,2019,8,70966
Busia County,2019,8,76358
Elgeyo Marakwet County,2019,8,1324
Embu County,2019,8,291
Garissa County,2019,8,344
Homa Bay County,2019,8,21442
Isiolo County,2019,8,683
Kajiado County,2019,8,965
Kakamega County,2019,8,93800
Kericho County,2019,8,3372
Kiambu County,2019,8,1786
Kilifi County,2019,8,19609
Kirinyaga County,2019,8,154
Kisii County,2019,8,15895
Kisumu County,2019,8,46156
Kitui County,2019,8,1051
Kwale County,2019,8,14294
Laikipia County,2019,8,238
Lamu County,2019,8,36
Machakos County,2019,8,3031
Makueni County,2019,8,1413
Mandera County,2019,8,851
Marsabit County,2019,8,673
Meru County,2019,8,1353
Migori County,2019,8,45403
Mombasa County,2019,8,6559
Muranga County,2019,8,116
Nairobi County,2019,8,7134
Nakuru County,2019,8,4358
Nandi County,2019,8,10284
Narok County,2019,8,4020
Nyamira County,2019,8,1861
Nyandarua County,2019,8,176
Nyeri County,2019,8,110
Samburu County,2019,8,791
Siaya County,2019,8,108026
Taita Taveta County,2019,8,152
Tana River County,2019,8,738
Tharaka Nithi County,2019,8,584
Trans Nzoia County,2019,8,9260
Turkana County,2019,8,56327
Uasin Gishu County,2019,8,3722
Vihiga County,2019,8,42002
Wajir County,2019,8,78
West Pokot County,2019,8,22437
Baringo County,2019,9,12063
Bomet County,2019,9,517
Bungoma County,2019,9,64043
Busia County,2019,9,59312
Elgeyo Marakwet County,2019,9,2691
Embu County,2019,9,306
Garissa County,2019,9,326
Homa Bay County,2019,9,23895
Isiolo County,2019,9,584
Kajiado County,2019,9,1114
Kakamega County,2019,9,78700
Kericho County,2019,9,3888
Kiambu County,2019,9,1366
Kilifi County,2019,9,21625
Kirinyaga County,2019,9,158
Kisii County,2019,9,16076
Kisumu County,2019,9,36022
Kitui County,2019,9,406
Kwale County,2019,9,17152
Laikipia County,2019,9,321
Lamu County,2019,9,66
Machakos County,2019,9,2635
Makueni County,2019,9,1166
Mandera County,2019,9,1175
Marsabit County,2019,9,822
Meru County,2019,9,1227
Migori County,2019,9,37022
Mombasa County,2019,9,8327
Muranga County,2019,9,97
Nairobi County,2019,9,6642
Nakuru County,2019,9,4551
Nandi County,2019,9,7822
Narok County,2019,9,4437
Nyamira County,2019,9,1852
Nyandarua County,2019,9,157
Nyeri County,2019,9,73
Samburu County,2019,9,847
Siaya County,2019,9,89137
Taita Taveta County,2019,9,117
Tana River County,2019,9,597
Tharaka Nithi County,2019,9,637
Trans Nzoia County,2019,9,8516
Turkana County,2019,9,43177
Uasin Gishu County,2019,9,3647
Vihiga County,2019,9,34352
Wajir County,2019,9,78
West Pokot County,2019,9,26320
Baringo County,2019,10,7569
Bomet County,2019,10,539
Bungoma County,2019,10,63795
Busia County,2019,10,49682
Elgeyo Marakwet County,2019,10,5152
Embu County,2019,10,439
Garissa County,2019,10,791
Homa Bay County,2019,10,22424
Isiolo County,2019,10,425
Kajiado County,2019,10,773
Kakamega County,2019,10,67140
Kericho County,2019,10,3440
Kiambu County,2019,10,918
Kilifi County,2019,10,19022
Kirinyaga County,2019,10,99
Kisii County,2019,10,14637
Kisumu County,2019,10,37152
Kitui County,2019,10,1526
Kwale County,2019,10,15557
Laikipia County,2019,10,332
Lamu County,2019,10,75
Machakos County,2019,10,1764
Makueni County,2019,10,1357
Mandera County,2019,10,947
Marsabit County,2019,10,686
Meru County,2019,10,1160
Migori County,2019,10,34330
Mombasa County,2019,10,8542
Muranga County,2019,10,49
Nairobi County,2019,10,5434
Nakuru County,2019,10,5072
Nandi County,2019,10,7316
Narok County,2019,10,4053
Nyamira County,2019,10,3081
Nyandarua County,2019,10,142
Nyeri County,2019,10,92
Samburu County,2019,10,763
Siaya County,2019,10,65687
Taita Taveta County,2019,10,156
Tana River County,2019,10,665
Tharaka Nithi County,2019,10,449
Trans Nzoia County,2019,10,12883
Turkana County,2019,10,27452
Uasin Gishu County,2019,10,4398
Vihiga County,2019,10,29328
Wajir County,2019,10,88
West Pokot County,2019,10,20429
Baringo County,2019,11,5410
Bomet County,2019,11,506
Bungoma County,2019,11,39232
Busia County,2019,11,31785
Elgeyo Marakwet County,2019,11,2775
Embu County,2019,11,308
Garissa County,2019,11,729
Homa Bay County,2019,11,18949
Isiolo County,2019,11,721
Kajiado County,2019,11,913
Kakamega County,2019,11,58060
Kericho County,2019,11,2237
Kiambu County,2019,11,1229
Kilifi County,2019,11,26831
Kirinyaga County,2019,11,75
Kisii County,2019,11,12655
Kisumu County,2019,11,36559
Kitui County,2019,11,1377
Kwale County,2019,11,22995
Laikipia County,2019,11,182
Lamu County,2019,11,34
Machakos County,2019,11,2135
Makueni County,2019,11,1528
Mandera County,2019,11,920
Marsabit County,2019,11,595
Meru County,2019,11,1145
Migori County,2019,11,31348
Mombasa County,2019,11,11670
Muranga County,2019,11,47
Nairobi County,2019,11,5010
Nakuru County,2019,11,4965
Nandi County,2019,11,5115
Narok County,2019,11,3258
Nyamira County,2019,11,2032
Nyandarua County,2019,11,140
Nyeri County,2019,11,93
Samburu County,2019,11,954
Siaya County,2019,11,56903
Taita Taveta County,2019,11,259
Tana River County,2019,11,1076
Tharaka Nithi County,2019,11,766
Trans Nzoia County,2019,11,7027
Turkana County,2019,11,35884
Uasin Gishu County,2019,11,4749
Vihiga County,2019,11,17717
Wajir County,2019,11,186
West Pokot County,2019,11,14702
Baringo County,2019,12,5627
Bomet County,2019,12,577
Bungoma County,2019,12,40079
Busia County,2019,12,37185
Elgeyo Marakwet County,2019,12,3250
Embu County,2019,12,415
Garissa County,2019,12,790
Homa Bay County,2019,12,18163
Isiolo County,2019,12,976
Kajiado County,2019,12,887
Kakamega County,2019,12,52303
Kericho County,2019,12,3927
Kiambu County,2019,12,1080
Kilifi County,2019,12,38821
Kirinyaga County,2019,12,158
Kisii County,2019,12,13255
Kisumu County,2019,12,38298
Kitui County,2019,12,2239
Kwale County,2019,12,27766
Laikipia County,2019,12,360
Lamu County,2019,12,65
Machakos County,2019,12,1519
Makueni County,2019,12,1335
Mandera County,2019,12,949
Marsabit County,2019,12,410
Meru County,2019,12,1128
Migori County,2019,12,30359
Mombasa County,2019,12,13156
Muranga County,2019,12,96
Nairobi County,2019,12,8310
Nakuru County,2019,12,3577
Nandi County,2019,12,5505
Narok County,2019,12,3387
Nyamira County,2019,12,2438
Nyandarua County,2019,12,148
Nyeri County,2019,12,81
Samburu County,2019,12,847
Siaya County,2019,12,58589
Taita Taveta County,2019,12,376
Tana River County,2019,12,970
Tharaka Nithi County,2019,12,958
Trans Nzoia County,2019,12,5909
Turkana County,2019,12,37668
Uasin Gishu County,2019,12,4761
Vihiga County,2019,12,20046
Wajir County,2019,12,137
West Pokot County,2019,12,11909
Baringo County,2020,1,14060
Bomet County,2020,1,2254
Bungoma County,2020,1,74140
Busia County,2020,1,64712
Elgeyo Marakwet County,2020,1,7286
Embu County,2020,1,701
Garissa County,2020,1,890
Homa Bay County,2020,1,34665
Isiolo County,2020,1,776
Kajiado County,2020,1,2447
Kakamega County,2020,1,135087
Kericho County,2020,1,5762
Kiambu County,2020,1,2016
Kilifi County,2020,1,39759
Kirinyaga County,2020,1,179
Kisii County,2020,1,19292
Kisumu County,2020,1,80837
Kitui County,2020,1,2721
Kwale County,2020,1,46486
Laikipia County,2020,1,358
Lamu County,2020,1,184
Machakos County,2020,1,5312
Makueni County,2020,1,2069
Mandera County,2020,1,719
Marsabit County,2020,1,1536
Meru County,2020,1,2700
Migori County,2020,1,36288
Mombasa County,2020,1,38234
Muranga County,2020,1,77
Nairobi County,2020,1,13871
Nakuru County,2020,1,8014
Nandi County,2020,1,7336
Narok County,2020,1,6569
Nyamira County,2020,1,2586
Nyandarua County,2020,1,255
Nyeri County,2020,1,216
Samburu County,2020,1,1856
Siaya County,2020,1,86893
Taita Taveta County,2020,1,530
Tana River County,2020,1,1927
Tharaka Nithi County,2020,1,2551
Trans Nzoia County,2020,1,10509
Turkana County,2020,1,38261
Uasin Gishu County,2020,1,5529
Vihiga County,2020,1,24835
Wajir County,2020,1,282
West Pokot County,2020,1,12993
Baringo County,2020,2,13176
Bomet County,2020,2,2392
Bungoma County,2020,2,73431
Busia County,2020,2,71621
Elgeyo Marakwet County,2020,2,5331
Embu County,2020,2,762
Garissa County,2020,2,812
Homa Bay County,2020,2,43284
Isiolo County,2020,2,1091
Kajiado County,2020,2,1857
Kakamega County,2020,2,116467
Kericho County,2020,2,5252
Kiambu County,2020,2,1542
Kilifi County,2020,2,34410
Kirinyaga County,2020,2,133
Kisii County,2020,2,21518
Kisumu County,2020,2,64154
Kitui County,2020,2,2680
Kwale County,2020,2,32300
Laikipia County,2020,2,495
Lamu County,2020,2,185
Machakos County,2020,2,4549
Makueni County,2020,2,2330
Mandera County,2020,2,569
Marsabit County,2020,2,1883
Meru County,2020,2,1953
Migori County,2020,2,70204
Mombasa County,2020,2,13054
Muranga County,2020,2,82
Nairobi County,2020,2,8495
Nakuru County,2020,2,10054
Nandi County,2020,2,9575
Narok County,2020,2,7137
Nyamira County,2020,2,5185
Nyandarua County,2020,2,198
Nyeri County,2020,2,117
Samburu County,2020,2,2031
Siaya County,2020,2,97273
Taita Taveta County,2020,2,355
Tana River County,2020,2,1610
Tharaka Nithi County,2020,2,1924
Trans Nzoia County,2020,2,11784
Turkana County,2020,2,27397
Uasin Gishu County,2020,2,5891
Vihiga County,2020,2,21655
Wajir County,2020,2,73
West Pokot County,2020,2,10414
Baringo County,2020,3,9760
Bomet County,2020,3,1376
Bungoma County,2020,3,75439
Busia County,2020,3,74645
Elgeyo Marakwet County,2020,3,2208
Embu County,2020,3,602
Garissa County,2020,3,732
Homa Bay County,2020,3,42332
Isiolo County,2020,3,1138
Kajiado County,2020,3,1643
Kakamega County,2020,3,110441
Kericho County,2020,3,5742
Kiambu County,2020,3,2050
Kilifi County,2020,3,24557
Kirinyaga County,2020,3,80
Kisii County,2020,3,19625
Kisumu County,2020,3,92411
Kitui County,2020,3,4020
Kwale County,2020,3,21693
Laikipia County,2020,3,284
Lamu County,2020,3,179
Machakos County,2020,3,3869
Makueni County,2020,3,2051
Mandera County,2020,3,509
Marsabit County,2020,3,854
Meru County,2020,3,1739
Migori County,2020,3,77756
Mombasa County,2020,3,10480
Muranga County,2020,3,84
Nairobi County,2020,3,7514
Nakuru County,2020,3,6687
Nandi County,2020,3,7148
Narok County,2020,3,5750
Nyamira County,2020,3,3464
Nyandarua County,2020,3,231
Nyeri County,2020,3,87
Samburu County,2020,3,1753
Siaya County,2020,3,96710
Taita Taveta County,2020,3,243
Tana River County,2020,3,2325
Tharaka Nithi County,2020,3,1986
Trans Nzoia County,2020,3,7812
Turkana County,2020,3,13513
Uasin Gishu County,2020,3,5255
Vihiga County,2020,3,29208
Wajir County,2020,3,77
West Pokot County,2020,3,9983
Baringo County,2020,4,4931
Bomet County,2020,4,404
Bungoma County,2020,4,55647
Busia County,2020,4,51080
Elgeyo Marakwet County,2020,4,1124
Embu County,2020,4,350
Garissa County,2020,4,609
Homa Bay County,2020,4,25987
Isiolo County,2020,4,439
Kajiado County,2020,4,924
Kakamega County,2020,4,88237
Kericho County,2020,4,3690
Kiambu County,2020,4,524
Kilifi County,2020,4,12773
Kirinyaga County,2020,4,83
Kisii County,2020,4,12916
Kisumu County,2020,4,58520
Kitui County,2020,4,1380
Kwale County,2020,4,18888
Laikipia County,2020,4,122
Lamu County,2020,4,88
Machakos County,2020,4,1947
Makueni County,2020,4,1097
Mandera County,2020,4,603
Marsabit County,2020,4,927
Meru County,2020,4,495
Migori County,2020,4,42152
Mombasa County,2020,4,6659
Muranga County,2020,4,51
Nairobi County,2020,4,2810
Nakuru County,2020,4,3461
Nandi County,2020,4,5137
Narok County,2020,4,3318
Nyamira County,2020,4,1887
Nyandarua County,2020,4,94
Nyeri County,2020,4,31
Samburu County,2020,4,890
Siaya County,2020,4,66661
Taita Taveta County,2020,4,177
Tana River County,2020,4,874
Tharaka Nithi County,2020,4,876
Trans Nzoia County,2020,4,5120
Turkana County,2020,4,11425
Uasin Gishu County,2020,4,2891
Vihiga County,2020,4,16357
Wajir County,2020,4,81
West Pokot County,2020,4,7182
Baringo County,2020,5,5441
Bomet County,2020,5,365
Bungoma County,2020,5,52397
Busia County,2020,5,61289
Elgeyo Marakwet County,2020,5,1138
Embu County,2020,5,341
Garissa County,2020,5,626
Homa Bay County,2020,5,24163
Isiolo County,2020,5,708
Kajiado County,2020,5,788
Kakamega County,2020,5,103363
Kericho County,2020,5,3716
Kiambu County,2020,5,452
Kilifi County,2020,5,17845
Kirinyaga County,2020,5,95
Kisii County,2020,5,12535
Kisumu County,2020,5,64004
Kitui County,2020,5,1829
Kwale County,2020,5,24944
Laikipia County,2020,5,127
Lamu County,2020,5,60
Machakos County,2020,5,1639
Makueni County,2020,5,802
Mandera County,2020,5,659
Marsabit County,2020,5,1177
Meru County,2020,5,1229
Migori County,2020,5,37482
Mombasa County,2020,5,5968
Muranga County,2020,5,61
Nairobi County,2020,5,2864
Nakuru County,2020,5,3481
Nandi County,2020,5,5175
Narok County,2020,5,3864
Nyamira County,2020,5,1448
Nyandarua County,2020,5,91
Nyeri County,2020,5,26
Samburu County,2020,5,936
Siaya County,2020,5,76522
Taita Taveta County,2020,5,181
Tana River County,2020,5,937
Tharaka Nithi County,2020,5,894
Trans Nzoia County,2020,5,5673
Turkana County,2020,5,15771
Uasin Gishu County,2020,5,2683
Vihiga County,2020,5,23826
Wajir County,2020,5,117
West Pokot County,2020,5,6475
Baringo County,2020,6,6247
Bomet County,2020,6,447
Bungoma County,2020,6,59070
Busia County,2020,6,62421
Elgeyo Marakwet County,2020,6,1357
Embu County,2020,6,339
Garissa County,2020,6,850
Homa Bay County,2020,6,28062
Isiolo County,2020,6,707
Kajiado County,2020,6,988
Kakamega County,2020,6,115465
Kericho County,2020,6,5004
Kiambu County,2020,6,487
Kilifi County,2020,6,23768
Kirinyaga County,2020,6,76
Kisii County,2020,6,16310
Kisumu County,2020,6,45085
Kitui County,2020,6,2724
Kwale County,2020,6,39448
Laikipia County,2020,6,109
Lamu County,2020,6,111
Machakos County,2020,6,1778
Makueni County,2020,6,1199
Mandera County,2020,6,577
Marsabit County,2020,6,1340
Meru County,2020,6,1644
Migori County,2020,6,43614
Mombasa County,2020,6,6627
Muranga County,2020,6,36
Nairobi County,2020,6,2892
Nakuru County,2020,6,3555
Nandi County,2020,6,5075
Narok County,2020,6,4048
Nyamira County,2020,6,1653
Nyandarua County,2020,6,102
Nyeri County,2020,6,58
Samburu County,2020,6,952
Siaya County,2020,6,76123
Taita Taveta County,2020,6,214
Tana River County,2020,6,1044
Tharaka Nithi County,2020,6,957
Trans Nzoia County,2020,6,5412
Turkana County,2020,6,13796
Uasin Gishu County,2020,6,3952
Vihiga County,2020,6,31899
Wajir County,2020,6,147
West Pokot County,2020,6,8951
Baringo County,2020,7,5809
Bomet County,2020,7,527
Bungoma County,2020,7,61880
Busia County,2020,7,55433
Elgeyo Marakwet County,2020,7,1936
Embu County,2020,7,260
Garissa County,2020,7,794
Homa Bay County,2020,7,25340
Isiolo County,2020,7,474
Kajiado County,2020,7,1218
Kakamega County,2020,7,101571
Kericho County,2020,7,2803
Kiambu County,2020,7,632
Kilifi County,2020,7,27484
Kirinyaga County,2020,7,121
Kisii County,2020,7,15685
Kisumu County,2020,7,69714
Kitui County,2020,7,1805
Kwale County,2020,7,33639
Laikipia County,2020,7,155
Lamu County,2020,7,51
Machakos County,2020,7,1669
Makueni County,2020,7,1244
Mandera County,2020,7,652
Marsabit County,2020,7,1221
Meru County,2020,7,1288
Migori County,2020,7,36403
Mombasa County,2020,7,6471
Muranga County,2020,7,103
Nairobi County,2020,7,3190
Nakuru County,2020,7,4260
Nandi County,2020,7,4503
Narok County,2020,7,4697
Nyamira County,2020,7,1870
Nyandarua County,2020,7,76
Nyeri County,2020,7,40
Samburu County,2020,7,992
Siaya County,2020,7,62597
Taita Taveta County,2020,7,228
Tana River County,2020,7,912
Tharaka Nithi County,2020,7,856
Trans Nzoia County,2020,7,5804
Turkana County,2020,7,24131
Uasin Gishu County,2020,7,2119
Vihiga County,2020,7,24143
Wajir County,2020,7,172
West Pokot County,2020,7,12399
Baringo County,2020,8,6325
Bomet County,2020,8,641
Bungoma County,2020,8,53175
Busia County,2020,8,45525
Elgeyo Marakwet County,2020,8,1633
Embu County,2020,8,353
Garissa County,2020,8,1771
Homa Bay County,2020,8,10988
Isiolo County,2020,8,417
Kajiado County,2020,8,946
Kakamega County,2020,8,81056
Kericho County,2020,8,3046
Kiambu County,2020,8,542
Kilifi County,2020,8,32025
Kirinyaga County,2020,8,90
Kisii County,2020,8,14271
Kisumu County,2020,8,47609
Kitui County,2020,8,759
Kwale County,2020,8,28982
Laikipia County,2020,8,131
Lamu County,2020,8,659
Machakos County,2020,8,1816
Makueni County,2020,8,996
Mandera County,2020,8,693
Marsabit County,2020,8,839
Meru County,2020,8,1109
Migori County,2020,8,24800
Mombasa County,2020,8,8195
Muranga County,2020,8,54
Nairobi County,2020,8,4491
Nakuru County,2020,8,4159
Nandi County,2020,8,4521
Narok County,2020,8,4419
Nyamira County,2020,8,1747
Nyandarua County,2020,8,73
Nyeri County,2020,8,29
Samburu County,2020,8,863
Siaya County,2020,8,50124
Taita Taveta County,2020,8,158
Tana River County,2020,8,1205
Tharaka Nithi County,2020,8,787
Trans Nzoia County,2020,8,9074
Turkana County,2020,8,38057
Uasin Gishu County,2020,8,2107
Vihiga County,2020,8,18845
Wajir County,2020,8,271
West Pokot County,2020,8,11735
Baringo County,2020,9,7247
Bomet County,2020,9,575
Bungoma County,2020,9,51624
Busia County,2020,9,45470
Elgeyo Marakwet County,2020,9,1732
Embu County,2020,9,289
Garissa County,2020,9,506
Homa Bay County,2020,9,19309
Isiolo County,2020,9,422
Kajiado County,2020,9,1095
Kakamega County,2020,9,90543
Kericho County,2020,9,2939
Kiambu County,2020,9,845
Kilifi County,2020,9,28236
Kirinyaga County,2020,9,121
Kisii County,2020,9,15961
Kisumu County,2020,9,44671
Kitui County,2020,9,479
Kwale County,2020,9,26605
Laikipia County,2020,9,120
Lamu County,2020,9,50
Machakos County,2020,9,1842
Makueni County,2020,9,933
Mandera County,2020,9,782
Marsabit County,2020,9,830
Meru County,2020,9,1068
Migori County,2020,9,30089
Mombasa County,2020,9,7523
Muranga County,2020,9,42
Nairobi County,2020,9,3896
Nakuru County,2020,9,4403
Nandi County,2020,9,3633
Narok County,2020,9,2849
Nyamira County,2020,9,1674
Nyandarua County,2020,9,111
Nyeri County,2020,9,38
Samburu County,2020,9,702
Siaya County,2020,9,63156
Taita Taveta County,2020,9,163
Tana River County,2020,9,451
Tharaka Nithi County,2020,9,654
Trans Nzoia County,2020,9,5340
Turkana County,2020,9,34886
Uasin Gishu County,2020,9,2464
Vihiga County,2020,9,19426
Wajir County,2020,9,158
West Pokot County,2020,9,17075
Baringo County,2020,10,11559
Bomet County,2020,10,1594
Bungoma County,2020,10,123405
Busia County,2020,10,94111
Elgeyo Marakwet County,2020,10,2190
Embu County,2020,10,1033
Garissa County,2020,10,1822
Homa Bay County,2020,10,32448
Isiolo County,2020,10,1193
Kajiado County,2020,10,1933
Kakamega County,2020,10,148460
Kericho County,2020,10,4483
Kiambu County,2020,10,863
Kilifi County,2020,10,35158
Kirinyaga County,2020,10,56
Kisii County,2020,10,27574
Kisumu County,2020,10,107671
Kitui County,2020,10,478
Kwale County,2020,10,93821
Laikipia County,2020,10,393
Lamu County,2020,10,101
Machakos County,2020,10,3577
Makueni County,2020,10,1268
Mandera County,2020,10,1277
Marsabit County,2020,10,931
Meru County,2020,10,1180
Migori County,2020,10,61957
Mombasa County,2020,10,8105
Muranga County,2020,10,47
Nairobi County,2020,10,8153
Nakuru County,2020,10,6462
Nandi County,2020,10,5936
Narok County,2020,10,4002
Nyamira County,2020,10,2402
Nyandarua County,2020,10,80
Nyeri County,2020,10,33
Samburu County,2020,10,1199
Siaya County,2020,10,120338
Taita Taveta County,2020,10,420
Tana River County,2020,10,1520
Tharaka Nithi County,2020,10,1185
Trans Nzoia County,2020,10,9237
Turkana County,2020,10,34017
Uasin Gishu County,2020,10,8075
Vihiga County,2020,10,42845
Wajir County,2020,10,266
West Pokot County,2020,10,19001
Baringo County,2020,11,12099
Bomet County,2020,11,1443
Bungoma County,2020,11,121608
Busia County,2020,11,132479
Elgeyo Marakwet County,2020,11,8624
Embu County,2020,11,1956
Garissa County,2020,11,3536
Homa Bay County,2020,11,40166
Isiolo County,2020,11,878
Kajiado County,2020,11,2192
Kakamega County,2020,11,179226
Kericho County,2020,11,10810
Kiambu County,2020,11,2345
Kilifi County,2020,11,35576
Kirinyaga County,2020,11,286
Kisii County,2020,11,29829
Kisumu County,2020,11,110350
Kitui County,2020,11,1425
Kwale County,2020,11,27322
Laikipia County,2020,11,604
Lamu County,2020,11,171
Machakos County,2020,11,5198
Makueni County,2020,11,1289
Mandera County,2020,11,2692
Marsabit County,2020,11,929
Meru County,2020,11,1325
Migori County,2020,11,89305
Mombasa County,2020,11,12425
Muranga County,2020,11,74
Nairobi County,2020,11,13337
Nakuru County,2020,11,7167
Nandi County,2020,11,11614
Narok County,2020,11,5787
Nyamira County,2020,11,5101
Nyandarua County,2020,11,517
Nyeri County,2020,11,112
Samburu County,2020,11,1529
Siaya County,2020,11,135061
Taita Taveta County,2020,11,2448
Tana River County,2020,11,1930
Tharaka Nithi County,2020,11,3069
Trans Nzoia County,2020,11,10520
Turkana County,2020,11,64819
Uasin Gishu County,2020,11,9331
Vihiga County,2020,11,38327
Wajir County,2020,11,840
West Pokot County,2020,11,25630
Baringo County,2020,12,5818
Bomet County,2020,12,571
Bungoma County,2020,12,63230
Busia County,2020,12,46201
Elgeyo Marakwet County,2020,12,4504
Embu County,2020,12,577
Garissa County,2020,12,4165
Homa Bay County,2020,12,19029
Isiolo County,2020,12,779
Kajiado County,2020,12,2815
Kakamega County,2020,12,62482
Kericho County,2020,12,6893
Kiambu County,2020,12,2258
Kilifi County,2020,12,17337
Kirinyaga County,2020,12,185
Kisii County,2020,12,10261
Kisumu County,2020,12,57114
Kitui County,2020,12,1659
Kwale County,2020,12,6440
Laikipia County,2020,12,805
Lamu County,2020,12,128
Machakos County,2020,12,3390
Makueni County,2020,12,1436
Mandera County,2020,12,1443
Marsabit County,2020,12,1258
Meru County,2020,12,1307
Migori County,2020,12,47201
Mombasa County,2020,12,11630
Muranga County,2020,12,116
Nairobi County,2020,12,10129
Nakuru County,2020,12,8037
Nandi County,2020,12,3533
Narok County,2020,12,4641
Nyamira County,2020,12,1444
Nyandarua County,2020,12,72
Nyeri County,2020,12,80
Samburu County,2020,12,1146
Siaya County,2020,12,57647
Taita Taveta County,2020,12,1137
Tana River County,2020,12,569
Tharaka Nithi County,2020,12,1353
Trans Nzoia County,2020,12,7607
Turkana County,2020,12,47376
Uasin Gishu County,2020,12,5185
Vihiga County,2020,12,16362
Wajir County,2020,12,586
West Pokot County,2020,12,11842
Baringo County,2021,1,3961
Bomet County,2021,1,1913
Bungoma County,2021,1,72893
Busia County,2021,1,23891
Elgeyo Marakwet County,2021,1,5434
Embu County,2021,1,748
Garissa County,2021,1,1655
Homa Bay County,2021,1,22161
Isiolo County,2021,1,1486
Kajiado County,2021,1,4371
Kakamega County,2021,1,60930
Kericho County,2021,1,8756
Kiambu County,2021,1,2319
Kilifi County,2021,1,16687
Kirinyaga County,2021,1,456
Kisii County,2021,1,11422
Kisumu County,2021,1,51583
Kitui County,2021,1,2568
Kwale County,2021,1,4355
Laikipia County,2021,1,975
Lamu County,2021,1,69
Machakos County,2021,1,4599
Makueni County,2021,1,1636
Mandera County,2021,1,2628
Marsabit County,2021,1,1326
Meru County,2021,1,2193
Migori County,2021,1,38928
Mombasa County,2021,1,15168
Muranga County,2021,1,114
Nairobi County,2021,1,13210
Nakuru County,2021,1,8793
Nandi County,2021,1,3755
Narok County,2021,1,8390
Nyamira County,2021,1,3991
Nyandarua County,2021,1,122
Nyeri County,2021,1,201
Samburu County,2021,1,1158
Siaya County,2021,1,61442
Taita Taveta County,2021,1,956
Tana River County,2021,1,1706
Tharaka Nithi County,2021,1,1399
Trans Nzoia County,2021,1,4976
Turkana County,2021,1,40887
Uasin Gishu County,2021,1,8280
Vihiga County,2021,1,6700
Wajir County,2021,1,302
West Pokot County,2021,1,13357
Baringo County,2021,2,8169
Bomet County,2021,2,1525
Bungoma County,2021,2,119474
Busia County,2021,2,44291
Elgeyo Marakwet County,2021,2,4179
Embu County,2021,2,1402
Garissa County,2021,2,3452
Homa Bay County,2021,2,39208
Isiolo County,2021,2,1121
Kajiado County,2021,2,4095
Kakamega County,2021,2,155057
Kericho County,2021,2,8769
Kiambu County,2021,2,2906
Kilifi County,2021,2,14655
Kirinyaga County,2021,2,455
Kisii County,2021,2,19284
Kisumu County,2021,2,70024
Kitui County,2021,2,3266
Kwale County,2021,2,32503
Laikipia County,2021,2,802
Lamu County,2021,2,76
Machakos County,2021,2,3776
Makueni County,2021,2,1484
Mandera County,2021,2,1330
Marsabit County,2021,2,1003
Meru County,2021,2,2879
Migori County,2021,2,56259
Mombasa County,2021,2,17804
Muranga County,2021,2,124
Nairobi County,2021,2,14229
Nakuru County,2021,2,7298
Nandi County,2021,2,9566
Narok County,2021,2,10221
Nyamira County,2021,2,3683
Nyandarua County,2021,2,89
Nyeri County,2021,2,74
Samburu County,2021,2,976
Siaya County,2021,2,104701
Taita Taveta County,2021,2,679
Tana River County,2021,2,2278
Tharaka Nithi County,2021,2,1460
Trans Nzoia County,2021,2,6983
Turkana County,2021,2,19213
Uasin Gishu County,2021,2,6897
Vihiga County,2021,2,14679
Wajir County,2021,2,168
West Pokot County,2021,2,8931
Baringo County,2021,3,8882
Bomet County,2021,3,2278
Bungoma County,2021,3,125210
Busia County,2021,3,144055
Elgeyo Marakwet County,2021,3,4250
Embu County,2021,3,2979
Garissa County,2021,3,3072
Homa Bay County,2021,3,60543
Isiolo County,2021,3,1152
Kajiado County,2021,3,4495
Kakamega County,2021,3,213850
Kericho County,2021,3,17917
Kiambu County,2021,3,4157
Kilifi County,2021,3,42436
Kirinyaga County,2021,3,1195
Kisii County,2021,3,34955
Kisumu County,2021,3,117726
Kitui County,2021,3,3633
Kwale County,2021,3,24319
Laikipia County,2021,3,869
Lamu County,2021,3,324
Machakos County,2021,3,5872
Makueni County,2021,3,2358
Mandera County,2021,3,2383
Marsabit County,2021,3,1430
Meru County,2021,3,2256
Migori County,2021,3,144220
Mombasa County,2021,3,15905
Muranga County,2021,3,185
Nairobi County,2021,3,17304
Nakuru County,2021,3,8328
Nandi County,2021,3,15730
Narok County,2021,3,6572
Nyamira County,2021,3,7105
Nyandarua County,2021,3,200
Nyeri County,2021,3,89
Samburu County,2021,3,1095
Siaya County,2021,3,143001
Taita Taveta County,2021,3,1554
Tana River County,2021,3,2079
Tharaka Nithi County,2021,3,3085
Trans Nzoia County,2021,3,10560
Turkana County,2021,3,19471
Uasin Gishu County,2021,3,16149
Vihiga County,2021,3,69853
Wajir County,2021,3,643
West Pokot County,2021,3,7335
Baringo County,2021,4,6735
Bomet County,2021,4,1368
Bungoma County,2021,4,104216
Busia County,2021,4,102737
Elgeyo Marakwet County,2021,4,4516
Embu County,2021,4,1863
Garissa County,2021,4,2418
Homa Bay County,2021,4,45310
Isiolo County,2021,4,1291
Kajiado County,2021,4,2963
Kakamega County,2021,4,189628
Kericho County,2021,4,18948
Kiambu County,2021,4,2476
Kilifi County,2021,4,22349
Kirinyaga County,2021,4,453
Kisii County,2021,4,26078
Kisumu County,2021,4,84710
Kitui County,2021,4,5626
Kwale County,2021,4,13822
Laikipia County,2021,4,930
Lamu County,2021,4,229
Machakos County,2021,4,3629
Makueni County,2021,4,1560
Mandera County,2021,4,1038
Marsabit County,2021,4,1483
Meru County,2021,4,2220
Migori County,2021,4,94350
Mombasa County,2021,4,13257
Muranga County,2021,4,94
Nairobi County,2021,4,11105
Nakuru County,2021,4,5904
Nandi County,2021,4,10510
Narok County,2021,4,5069
Nyamira County,2021,4,7020
Nyandarua County,2021,4,260
Nyeri County,2021,4,110
Samburu County,2021,4,868
Siaya County,2021,4,104501
Taita Taveta County,2021,4,1907
Tana River County,2021,4,1167
Tharaka Nithi County,2021,4,1667
Trans Nzoia County,2021,4,8745
Turkana County,2021,4,17238
Uasin Gishu County,2021,4,11288
Vihiga County,2021,4,57103
Wajir County,2021,4,389
West Pokot County,2021,4,11356
Baringo County,2021,5,8688
Bomet County,2021,5,1303
Bungoma County,2021,5,138143
Busia County,2021,5,140280
Elgeyo Marakwet County,2021,5,4212
Embu County,2021,5,2471
Garissa County,2021,5,3837
Homa Bay County,2021,5,54636
Isiolo County,2021,5,1210
Kajiado County,2021,5,3764
Kakamega County,2021,5,245315
Kericho County,2021,5,16298
Kiambu County,2021,5,3025
Kilifi County,2021,5,27807
Kirinyaga County,2021,5,687
Kisii County,2021,5,38308
Kisumu County,2021,5,120510
Kitui County,2021,5,2695
Kwale County,2021,5,27820
Laikipia County,2021,5,849
Lamu County,2021,5,202
Machakos County,2021,5,3113
Makueni County,2021,5,1875
Mandera County,2021,5,908
Marsabit County,2021,5,1725
Meru County,2021,5,2070
Migori County,2021,5,93235
Mombasa County,2021,5,9984
Muranga County,2021,5,128
Nairobi County,2021,5,11401
Nakuru County,2021,5,6667
Nandi County,2021,5,19427
Narok County,2021,5,9335
Nyamira County,2021,5,7071
Nyandarua County,2021,5,370
Nyeri County,2021,5,160
Samburu County,2021,5,811
Siaya County,2021,5,159745
Taita Taveta County,2021,5,976
Tana River County,2021,5,1394
Tharaka Nithi County,2021,5,1689
Trans Nzoia County,2021,5,9234
Turkana County,2021,5,28488
Uasin Gishu County,2021,5,14269
Vihiga County,2021,5,74484
Wajir County,2021,5,797
West Pokot County,2021,5,9272
Baringo County,2021,6,9399
Bomet County,2021,6,1952
Bungoma County,2021,6,170224
Busia County,2021,6,178546
Elgeyo Marakwet County,2021,6,4217
Embu County,2021,6,3053
Garissa County,2021,6,4516
Homa Bay County,2021,6,47440
Isiolo County,2021,6,1267
Kajiado County,2021,6,4347
Kakamega County,2021,6,333739
Kericho County,2021,6,18077
Kiambu County,2021,6,3591
Kilifi County,2021,6,34883
Kirinyaga County,2021,6,740
Kisii County,2021,6,42487
Kisumu County,2021,6,139492
Kitui County,2021,6,3268
Kwale County,2021,6,27921
Laikipia County,2021,6,1221
Lamu County,2021,6,301
Machakos County,2021,6,4952
Makueni County,2021,6,2542
Mandera County,2021,6,1371
Marsabit County,2021,6,1756
Meru County,2021,6,2132
Migori County,2021,6,124386
Mombasa County,2021,6,16164
Muranga County,2021,6,135
Nairobi County,2021,6,13543
Nakuru County,2021,6,9029
Nandi County,2021,6,27526
Narok County,2021,6,7110
Nyamira County,2021,6,8300
Nyandarua County,2021,6,280
Nyeri County,2021,6,140
Samburu County,2021,6,2618
Siaya County,2021,6,164873
Taita Taveta County,2021,6,2589
Tana River County,2021,6,1320
Tharaka Nithi County,2021,6,1749
Trans Nzoia County,2021,6,10234
Turkana County,2021,6,46426
Uasin Gishu County,2021,6,17556
Vihiga County,2021,6,101566
Wajir County,2021,6,1012
West Pokot County,2021,6,12706
Baringo County,2021,7,11718
Bomet County,2021,7,1052
Bungoma County,2021,7,128135
Busia County,2021,7,128901
Elgeyo Marakwet County,2021,7,3966
Embu County,2021,7,1264
Garissa County,2021,7,3438
Homa Bay County,2021,7,55382
Isiolo County,2021,7,1106
Kajiado County,2021,7,5532
Kakamega County,2021,7,242502
Kericho County,2021,7,16678
Kiambu County,2021,7,4238
Kilifi County,2021,7,32909
Kirinyaga County,2021,7,713
Kisii County,2021,7,34228
Kisumu County,2021,7,96522
Kitui County,2021,7,3182
Kwale County,2021,7,61909
Laikipia County,2021,7,555
Lamu County,2021,7,515
Machakos County,2021,7,5754
Makueni County,2021,7,2214
Mandera County,2021,7,1436
Marsabit County,2021,7,1190
Meru County,2021,7,2581
Migori County,2021,7,121590
Mombasa County,2021,7,19732
Muranga County,2021,7,98
Nairobi County,2021,7,19913
Nakuru County,2021,7,10952
Nandi County,2021,7,45346
Narok County,2021,7,7284
Nyamira County,2021,7,7282
Nyandarua County,2021,7,355
Nyeri County,2021,7,67
Samburu County,2021,7,1676
Siaya County,2021,7,92578
Taita Taveta County,2021,7,4056
Tana River County,2021,7,3635
Tharaka Nithi County,2021,7,3306
Trans Nzoia County,2021,7,13080
Turkana County,2021,7,58758
Uasin Gishu County,2021,7,14532
Vihiga County,2021,7,73877
Wajir County,2021,7,824
West Pokot County,2021,7,17974
Baringo County,2021,8,16659
Bomet County,2021,8,1235
Bungoma County,2021,8,155561
Busia County,2021,8,128924
Elgeyo Marakwet County,2021,8,4909
Embu County,2021,8,2409
Garissa County,2021,8,3882
Homa Bay County,2021,8,75492
Isiolo County,2021,8,1264
Kajiado County,2021,8,6358
Kakamega County,2021,8,249404
Kericho County,2021,8,19264
Kiambu County,2021,8,5158
Kilifi County,2021,8,29683
Kirinyaga County,2021,8,673
Kisii County,2021,8,44388
Kisumu County,2021,8,115726
Kitui County,2021,8,4302
Kwale County,2021,8,53987
Laikipia County,2021,8,492
Lamu County,2021,8,447
Machakos County,2021,8,6032
Makueni County,2021,8,2243
Mandera County,2021,8,972
Marsabit County,2021,8,1438
Meru County,2021,8,3442
Migori County,2021,8,110265
Mombasa County,2021,8,13941
Muranga County,2021,8,78
Nairobi County,2021,8,19031
Nakuru County,2021,8,12820
Nandi County,2021,8,34860
Narok County,2021,8,10173
Nyamira County,2021,8,8959
Nyandarua County,2021,8,522
Nyeri County,2021,8,247
Samburu County,2021,8,2006
Siaya County,2021,8,127769
Taita Taveta County,2021,8,6254
Tana River County,2021,8,3736
Tharaka Nithi County,2021,8,4268
Trans Nzoia County,2021,8,17416
Turkana County,2021,8,108122
Uasin Gishu County,2021,8,17667
Vihiga County,2021,8,92248
Wajir County,2021,8,984
West Pokot County,2021,8,21720
Baringo County,2021,9,20697
Bomet County,2021,9,1077
Bungoma County,2021,9,158577
Busia County,2021,9,158286
Elgeyo Marakwet County,2021,9,3443
Embu County,2021,9,1807
Garissa County,2021,9,2521
Homa Bay County,2021,9,57281
Isiolo County,2021,9,1619
Kajiado County,2021,9,5325
Kakamega County,2021,9,254337
Kericho County,2021,9,22734
Kiambu County,2021,9,5215
Kilifi County,2021,9,32750
Kirinyaga County,2021,9,1742
Kisii County,2021,9,44680
Kisumu County,2021,9,122254
Kitui County,2021,9,3518
Kwale County,2021,9,49877
Laikipia County,2021,9,617
Lamu County,2021,9,289
Machakos County,2021,9,4959
Makueni County,2021,9,3227
Mandera County,2021,9,782
Marsabit County,2021,9,2345
Meru County,2021,9,3453
Migori County,2021,9,94988
Mombasa County,2021,9,10568
Muranga County,2021,9,198
Nairobi County,2021,9,19482
Nakuru County,2021,9,11993
Nandi County,2021,9,25517
Narok County,2021,9,5623
Nyamira County,2021,9,9193
Nyandarua County,2021,9,436
Nyeri County,2021,9,75
Samburu County,2021,9,2276
Siaya County,2021,9,135757
Taita Taveta County,2021,9,4491
Tana River County,2021,9,1487
Tharaka Nithi County,2021,9,4257
Trans Nzoia County,2021,9,12421
Turkana County,2021,9,55609
Uasin Gishu County,2021,9,11394
Vihiga County,2021,9,98200
Wajir County,2021,9,775
West Pokot County,2021,9,17059
Baringo County,2021,10,14147
Bomet County,2021,10,1303
Bungoma County,2021,10,108732
Busia County,2021,10,116294
Elgeyo Marakwet County,2021,10,2391
Embu County,2021,10,984
Garissa County,2021,10,2931
Homa Bay County,2021,10,76702
Isiolo County,2021,10,922
Kajiado County,2021,10,3889
Kakamega County,2021,10,151053
Kericho County,2021,10,13804
Kiambu County,2021,10,3348
Kilifi County,2021,10,36020
Kirinyaga County,2021,10,832
Kisii County,2021,10,30687
Kisumu County,2021,10,94793
Kitui County,2021,10,3710
Kwale County,2021,10,39074
Laikipia County,2021,10,355
Lamu County,2021,10,301
Machakos County,2021,10,4435
Makueni County,2021,10,2940
Mandera County,2021,10,1135
Marsabit County,2021,10,1161
Meru County,2021,10,2906
Migori County,2021,10,103729
Mombasa County,2021,10,20164
Muranga County,2021,10,88
Nairobi County,2021,10,17433
Nakuru County,2021,10,7722
Nandi County,2021,10,17205
Narok County,2021,10,7149
Nyamira County,2021,10,6366
Nyandarua County,2021,10,317
Nyeri County,2021,10,75
Samburu County,2021,10,1392
Siaya County,2021,10,129390
Taita Taveta County,2021,10,3980
Tana River County,2021,10,1466
Tharaka Nithi County,2021,10,3258
Trans Nzoia County,2021,10,8730
Turkana County,2021,10,53461
Uasin Gishu County,2021,10,7964
Vihiga County,2021,10,50932
Wajir County,2021,10,542
West Pokot County,2021,10,15335
Baringo County,2021,11,12321
Bomet County,2021,11,1522
Bungoma County,2021,11,100108
Busia County,2021,11,129000
Elgeyo Marakwet County,2021,11,1941
Embu County,2021,11,2163
Garissa County,2021,11,2258
Homa Bay County,2021,11,90214
Isiolo County,2021,11,1066
Kajiado County,2021,11,3947
Kakamega County,2021,11,163014
Kericho County,2021,11,10260
Kiambu County,2021,11,5212
Kilifi County,2021,11,41766
Kirinyaga County,2021,11,757
Kisii County,2021,11,34516
Kisumu County,2021,11,87300
Kitui County,2021,11,3554
Kwale County,2021,11,45227
Laikipia County,2021,11,449
Lamu County,2021,11,384
Machakos County,2021,11,5012
Makueni County,2021,11,2528
Mandera County,2021,11,1041
Marsabit County,2021,11,855
Meru County,2021,11,1694
Migori County,2021,11,139571
Mombasa County,2021,11,21339
Muranga County,2021,11,83
Nairobi County,2021,11,15167
Nakuru County,2021,11,9531
Nandi County,2021,11,17558
Narok County,2021,11,6142
Nyamira County,2021,11,7027
Nyandarua County,2021,11,228
Nyeri County,2021,11,108
Samburu County,2021,11,1490
Siaya County,2021,11,146991
Taita Taveta County,2021,11,3745
Tana River County,2021,11,2367
Tharaka Nithi County,2021,11,4574
Trans Nzoia County,2021,11,9983
Turkana County,2021,11,34306
Uasin Gishu County,2021,11,8333
Vihiga County,2021,11,61084
Wajir County,2021,11,1158
West Pokot County,2021,11,13202
Baringo County,2021,12,11031
Bomet County,2021,12,2202
Bungoma County,2021,12,119773
Busia County,2021,12,118751
Elgeyo Marakwet County,2021,12,2502
Embu County,2021,12,1797
Garissa County,2021,12,1978
Homa Bay County,2021,12,100371
Isiolo County,2021,12,1121
Kajiado County,2021,12,8094
Kakamega County,2021,12,160386
Kericho County,2021,12,18381
Kiambu County,2021,12,4222
Kilifi County,2021,12,44756
Kirinyaga County,2021,12,1353
Kisii County,2021,12,47848
Kisumu County,2021,12,116218
Kitui County,2021,12,5693
Kwale County,2021,12,49824
Laikipia County,2021,12,368
Lamu County,2021,12,260
Machakos County,2021,12,4816
Makueni County,2021,12,4001
Mandera County,2021,12,852
Marsabit County,2021,12,1520
Meru County,2021,12,12007
Migori County,2021,12,184535
Mombasa County,2021,12,21921
Muranga County,2021,12,154
Nairobi County,2021,12,20871
Nakuru County,2021,12,13586
Nandi County,2021,12,13025
Narok County,2021,12,5315
Nyamira County,2021,12,11730
Nyandarua County,2021,12,531
Nyeri County,2021,12,94
Samburu County,2021,12,1693
Siaya County,2021,12,163296
Taita Taveta County,2021,12,2969
Tana River County,2021,12,2119
Tharaka Nithi County,2021,12,4488
Trans Nzoia County,2021,12,10082
Turkana County,2021,12,24830
Uasin Gishu County,2021,12,12283
Vihiga County,2021,12,72826
Wajir County,2021,12,1065
West Pokot County,2021,12,17575
